{
    "Logistic Regression": {
        "accuracy": 0.8784503631961259,
        "precision": 0.8909591096661248,
        "recall": 0.8895131086142322,
        "f1_score": 0.8902355219591429,
        "classification_report": {
            "0": {
                "precision": 0.8629606689377516,
                "recall": 0.8647013188518231,
                "f1-score": 0.8638301170270479,
                "support": 6445.0
            },
            "1": {
                "precision": 0.8909591096661248,
                "recall": 0.8895131086142322,
                "f1-score": 0.8902355219591429,
                "support": 8010.0
            },
            "accuracy": 0.8784503631961259,
            "macro avg": {
                "precision": 0.8769598893019381,
                "recall": 0.8771072137330276,
                "f1-score": 0.8770328194930954,
                "support": 14455.0
            },
            "weighted avg": {
                "precision": 0.8784755433918691,
                "recall": 0.8784503631961259,
                "f1-score": 0.8784622369513703,
                "support": 14455.0
            }
        }
    },
    "Random Forest": {
        "accuracy": 0.9404358353510895,
        "precision": 0.9568051118210863,
        "recall": 0.9347066167290886,
        "f1_score": 0.9456267761288285,
        "classification_report": {
            "0": {
                "precision": 0.9211161387631975,
                "recall": 0.94755624515128,
                "f1-score": 0.9341491395793499,
                "support": 6445.0
            },
            "1": {
                "precision": 0.9568051118210863,
                "recall": 0.9347066167290886,
                "f1-score": 0.9456267761288285,
                "support": 8010.0
            },
            "accuracy": 0.9404358353510895,
            "macro avg": {
                "precision": 0.9389606252921419,
                "recall": 0.9411314309401844,
                "f1-score": 0.9398879578540892,
                "support": 14455.0
            },
            "weighted avg": {
                "precision": 0.9408925949509311,
                "recall": 0.9404358353510895,
                "f1-score": 0.940509282696702,
                "support": 14455.0
            }
        }
    },
    "Gradient Boosting": {
        "accuracy": 0.9400207540643376,
        "precision": 0.9553742190488334,
        "recall": 0.9354556803995007,
        "f1_score": 0.9453100359553397,
        "classification_report": {
            "0": {
                "precision": 0.9218088324258923,
                "recall": 0.9456943366951125,
                "f1-score": 0.9335988358734778,
                "support": 6445.0
            },
            "1": {
                "precision": 0.9553742190488334,
                "recall": 0.9354556803995007,
                "f1-score": 0.9453100359553397,
                "support": 8010.0
            },
            "accuracy": 0.9400207540643376,
            "macro avg": {
                "precision": 0.9385915257373628,
                "recall": 0.9405750085473066,
                "f1-score": 0.9394544359144088,
                "support": 14455.0
            },
            "weighted avg": {
                "precision": 0.9404085381920464,
                "recall": 0.9400207540643376,
                "f1-score": 0.9400884043726623,
                "support": 14455.0
            }
        }
    },
    "Neural Network (MLP)": {
        "accuracy": 0.9343479764787271,
        "precision": 0.9495734114351203,
        "recall": 0.9309612983770287,
        "f1_score": 0.9401752505831179,
        "classification_report": {
            "0": {
                "precision": 0.9162375037867313,
                "recall": 0.9385570209464701,
                "f1-score": 0.927262972330804,
                "support": 6445.0
            },
            "1": {
                "precision": 0.9495734114351203,
                "recall": 0.9309612983770287,
                "f1-score": 0.9401752505831179,
                "support": 8010.0
            },
            "accuracy": 0.9343479764787271,
            "macro avg": {
                "precision": 0.9329054576109258,
                "recall": 0.9347591596617494,
                "f1-score": 0.933719111456961,
                "support": 14455.0
            },
            "weighted avg": {
                "precision": 0.9347100475614525,
                "recall": 0.9343479764787271,
                "f1-score": 0.9344180985017507,
                "support": 14455.0
            }
        }
    }
}